CellID,type
TCAGCTCCACTGTTAG_18,CD4 T
TGCTGCTTCGTGGTCG_24,Endothelial
TAAACCGAGCCAGTTT_23,Tumor
GTAGTCACAGACAAGC_16,Myeloid
CTAATGGGTCCAACTA_14,CD8 T
CATCCACAGATATGCA_23,Tumor
TTATGCTGTCATATGC_19,Tumor
AGTTGGTGTCTGCCAG_13,B cell
AACTCCCGTCCATGAT_18,CD4 T
TCTTTCCCAATCGAAA_17,Myeloid
GATCTAGCAATCTACG_22,Tumor
CTTCTCTAGATCCCAT_17,Myeloid
ACACTGAGTAGGGTAC_13,Endothelial
GAACATCTCCTTGCCA_13,Stromal
GTACGTACATGGTCTA_24,CD8 T
AGACGTTGTATGGTTC_20,CD8 T
ACCCACTTCCACGTTC_17,CD4 T
GGGCACTAGGGTGTGT_13,Endothelial
TCGGTAAAGAGCTGGT_16,RBC
GCTGCAGAGCGGATCA_24,Myeloid
ACATCAGGTGATGTGG_17,Myeloid
TACGGTAAGCTCTCGG_20,CD8 T
GGCAATTTCATTTGGG_18,CD8 T
TGTATTCGTCATCGGC_20,Endothelial
ACGAGGACATTGGTAC_18,Tumor
GGTATTGTCATTGCGA_18,CD8 T
CAGATCACAGAGTGTG_19,Tumor
AGTGTCAAGGATGGAA_18,Myeloid
CTAGCCTCAATCGAAA_13,Myeloid
CTGCTGTGTGTGAAAT_16,DC
ACGGAGATCCCAACGG_23,CD4 T
GGGCATCCACAAGCCC_22,B cell
TTGAACGTCACTCTTA_23,CD4 T
AGGGATGAGTAGCGGT_24,RBC
ATAGACCTCAAAGACA_16,Myeloid
CGAACATAGAGACTTA_20,B cell
GTCAAGTGTAGAAAGG_13,CD8 T
AGGGAGTCAGCTCCGA_22,RBC
CTACCCATCATAACCG_18,CD8 T
CAACGTGACGAATC_4,B cell
AGGCCGTCACGCTTTC_20,Alveolar
ACTCAGGATGGTTG_1,Myeloid
TTGCGTCAGATCCCAT_22,Endothelial
CCACTACGTTGCGCAC_19,CD4 T
TACCTTAAGATCCCGC_19,Tumor
TCGCGAGCACACCGCA_24,Myeloid
ACGGCCAGTTATCACG_24,CD4 T
CAAGGCCTCCTCCTAG_23,Myeloid
GCTGCAGTCTAACTCT_15,Tumor
ACATGGTGTCGGCTCA_14,CD8 T
TCTCATACACCTTGTC_18,CD8 T
ACCAGTATCAATCTCT_21,Tumor
TACTCATCACGGTTTA_21,Tumor
GCGCCAAAGTTAGCGG_17,CD4 T
ATGCGATCAAGCGATG_17,NK
GATGAAAAGCGTCTAT_20,Tumor
GCGCCAATCAATCACG_20,Tumor
AAATCTGAACTCTT_4,B cell
GGTATTGCAGCGATCC_21,B cell
GGGCACTTCAACACAC_24,Myeloid
TGGCTGGTCCAAGCCG_20,Tumor
TTCCATGACGGAGA_4,Myeloid
CGAGAAGGTCGGCTCA_23,Tumor
TCGAGGCGTCGTTGTA_23,CD4 T
GTACTCCGTATTCGTG_15,CD8 T
AGGTCCGGTGATAAGT_13,Tumor
CGTCCATAGACTACAA_14,CD4 T
TGACGGCCATTACGAC_21,CD8 T
AGCTTGAGTATATGAG_24,Myeloid
CATTATCGTTCTCATT_16,CD4 T
TCTTTCCGTCATATCG_20,CD8 T
GAACCTAAGCATGGCA_24,CD4 T
TGGCGCATCACGGTTA_23,CD8 T
GGGATGATCACCGTAA_16,CD4 T
GGCTCGACAGGGTTAG_13,Myeloid
GACAGAGGTGAAGGCT_24,Myeloid
GCGGGTTAGGCCCTTG_13,Tumor
CGCCAAGCAAGTACCT_17,CD8 T
GTTAAGCAGGACGAAA_22,B cell
ACAGCCGAGCCCAGCT_19,CD4 T
TACGGATAGGCATGGT_19,CD8 T
GCTGCGAGTTGGTTTG_22,CD4 T
GTATTCTTCGTCCAGG_15,Tumor
AGGGTGATCTGCGACG_20,B cell
GAACCTACATCGATTG_24,CD4 T
CTGCGGACATCTCGCT_14,Myeloid
GGTGCGTAGTGGGCTA_15,Tumor
TGGCTGGTCCAAATGC_13,CD8 T
AACTCCCAGATAGTCA_17,Myeloid
AAGGCAGAGAGTAATC_13,CD8 T
ACGGGCTGTACTTAGC_20,CD4 T
CACCAGGTCCCATTTA_15,Tumor
TTCTCCTGTTCTCATT_23,Myeloid
ATCATGGGTGTGACGA_21,CD4 T
GTGTGCGGTCTGGAGA_21,Tumor
TGCTACCGTTCGAATC_15,CD8 T
CACACTCAGTAGGTGC_20,Tumor
TTAGTTCTCGCCTGTT_23,Epithelial
AACAAACTGTGTCA_12,Myeloid
